scenario_id,scenario_family,condition,scenario_stratum,repetition,latency_seconds,log_latency
EVAL-001,EVAL-KEV-A-01,qwen_autonomous_team,recent_kev_0_30,1,68.69273605698254,4.229643459387425
EVAL-002,EVAL-KEV-A-01,qwen_autonomous_team,recent_kev_0_30,1,65.34993282804498,4.179756412189748
EVAL-003,EVAL-KEV-A-02,qwen_autonomous_team,recent_kev_0_30,1,64.34677024901612,4.164286742402076
EVAL-004,EVAL-KEV-A-02,qwen_autonomous_team,recent_kev_0_30,1,69.26987667995854,4.238010131752267
EVAL-005,EVAL-KEV-A-03,qwen_autonomous_team,recent_kev_0_30,1,65.13151383498916,4.176408515570689
EVAL-006,EVAL-KEV-A-03,qwen_autonomous_team,recent_kev_0_30,1,229.8798852559994,5.437556934492032
EVAL-007,EVAL-KEV-B-01,qwen_autonomous_team,recent_kev_31_60,1,64.50218302398571,4.166699068562099
EVAL-008,EVAL-KEV-B-01,qwen_autonomous_team,recent_kev_31_60,1,70.36704240596737,4.253725005906168
EVAL-009,EVAL-KEV-B-02,qwen_autonomous_team,recent_kev_31_60,1,70.21115974101122,4.251507269066943
EVAL-010,EVAL-KEV-B-02,qwen_autonomous_team,recent_kev_31_60,1,65.30551515100524,4.179076491383721
EVAL-011,EVAL-KEV-B-03,qwen_autonomous_team,recent_kev_31_60,1,50.362194211018505,3.919240778739658
EVAL-012,EVAL-KEV-B-03,qwen_autonomous_team,recent_kev_31_60,1,37.67947105402709,3.6291154117653392
EVAL-013,EVAL-KEV-C-01,qwen_autonomous_team,recent_kev_61_90,1,65.13939373000176,4.1765294926202765
EVAL-014,EVAL-KEV-C-01,qwen_autonomous_team,recent_kev_61_90,1,67.24506759596989,4.208343671494278
EVAL-015,EVAL-KEV-C-02,qwen_autonomous_team,recent_kev_61_90,1,63.19899473604164,4.146288394951018
EVAL-016,EVAL-KEV-C-02,qwen_autonomous_team,recent_kev_61_90,1,62.60585551499389,4.13685881230977
EVAL-017,EVAL-KEV-C-03,qwen_autonomous_team,recent_kev_61_90,1,69.6491007769655,4.243469789546141
EVAL-018,EVAL-KEV-C-03,qwen_autonomous_team,recent_kev_61_90,1,49.632756383973174,3.9046510267227235
EVAL-019,EVAL-CVE-01,qwen_autonomous_team,other_cve,1,62.44176566594979,4.134234373049308
EVAL-020,EVAL-CVE-01,qwen_autonomous_team,other_cve,1,39.37842288898537,3.673218023881473
EVAL-021,EVAL-CVE-02,qwen_autonomous_team,other_cve,1,91.95153081099852,4.521261599209721
EVAL-022,EVAL-CVE-02,qwen_autonomous_team,other_cve,1,37.93338824796956,3.6358316806848365
EVAL-023,EVAL-CVE-03,qwen_autonomous_team,other_cve,1,36.88178198799142,3.6077177160674947
EVAL-024,EVAL-CVE-03,qwen_autonomous_team,other_cve,1,37.63347606896423,3.6278939752783006
EVAL-025,EVAL-CVE-04,qwen_autonomous_team,other_cve,1,62.76580324600218,4.13941039086218
EVAL-026,EVAL-CVE-04,qwen_autonomous_team,other_cve,1,38.12086657600594,3.6407618113714215
EVAL-027,EVAL-CVE-05,qwen_autonomous_team,other_cve,1,59.938638619933045,4.093321349250425
EVAL-028,EVAL-CVE-05,qwen_autonomous_team,other_cve,1,61.754511158011155,4.12316702803015
EVAL-029,EVAL-MIS-01,qwen_autonomous_team,synthetic_misconfiguration,1,58.60322887200164,4.070789795269812
EVAL-030,EVAL-MIS-01,qwen_autonomous_team,synthetic_misconfiguration,1,37.07913206401281,3.6130543333043077
EVAL-031,EVAL-MIS-02,qwen_autonomous_team,synthetic_misconfiguration,1,51.72674047600594,3.9459748717074747
EVAL-032,EVAL-MIS-02,qwen_autonomous_team,synthetic_misconfiguration,1,37.58686437702272,3.6266546376834086
EVAL-033,EVAL-MIS-03,qwen_autonomous_team,synthetic_misconfiguration,1,44.33634939705371,3.7918048687520955
EVAL-034,EVAL-MIS-03,qwen_autonomous_team,synthetic_misconfiguration,1,36.93691727597616,3.6092115190953753
EVAL-035,EVAL-MIS-04,qwen_autonomous_team,synthetic_misconfiguration,1,38.11443645597319,3.6405931199701347
EVAL-036,EVAL-MIS-04,qwen_autonomous_team,synthetic_misconfiguration,1,37.12208990403451,3.6142122076271748
EVAL-037,EVAL-MIS-05,qwen_autonomous_team,synthetic_misconfiguration,1,59.321906282013515,4.082978652323414
EVAL-038,EVAL-MIS-05,qwen_autonomous_team,synthetic_misconfiguration,1,37.18183677701745,3.61582038335969
EVAL-039,EVAL-MIS-06,qwen_autonomous_team,synthetic_misconfiguration,1,62.69084126499365,4.138215364640623
EVAL-040,EVAL-MIS-06,qwen_autonomous_team,synthetic_misconfiguration,1,37.86698760298896,3.6340796930140713
EVAL-041,EVAL-CLN-01,qwen_autonomous_team,clean_control,1,37.91812324899365,3.6354291837831734
EVAL-042,EVAL-CLN-01,qwen_autonomous_team,clean_control,1,38.87685530204908,3.6603990941721576
EVAL-043,EVAL-CLN-02,qwen_autonomous_team,clean_control,1,37.406494888011366,3.621844349450571
EVAL-044,EVAL-CLN-02,qwen_autonomous_team,clean_control,1,37.497272877022624,3.6242682070525025
EVAL-045,EVAL-CLN-03,qwen_autonomous_team,clean_control,1,36.93153157198685,3.6090657003031077
EVAL-046,EVAL-CLN-03,qwen_autonomous_team,clean_control,1,37.39845543296542,3.6216294049838638
EVAL-047,EVAL-CLN-04,qwen_autonomous_team,clean_control,1,38.07737524094409,3.6396202800513393
EVAL-048,EVAL-CLN-04,qwen_autonomous_team,clean_control,1,35.624652539001545,3.5730378852500664
EVAL-049,EVAL-KEV-A-04,qwen_autonomous_team,recent_kev_0_30,1,64.33998833800433,4.1641813405551025
EVAL-050,EVAL-KEV-A-04,qwen_autonomous_team,recent_kev_0_30,1,60.32876345695695,4.0998089959216655
EVAL-051,EVAL-KEV-B-04,qwen_autonomous_team,recent_kev_31_60,1,64.70092443597969,4.169775489441562
EVAL-052,EVAL-KEV-B-04,qwen_autonomous_team,recent_kev_31_60,1,71.23076227502315,4.265924779533775
EVAL-053,EVAL-KEV-C-04,qwen_autonomous_team,recent_kev_61_90,1,38.886728151963325,3.6606530137969684
EVAL-054,EVAL-KEV-C-04,qwen_autonomous_team,recent_kev_61_90,1,37.758838117995765,3.631219570623691
EVAL-055,EVAL-CVE-06,qwen_autonomous_team,other_cve,1,63.74859978503082,4.154947219640941
EVAL-056,EVAL-CVE-06,qwen_autonomous_team,other_cve,1,43.84672845399473,3.780700108372296
EVAL-057,EVAL-MIS-07,qwen_autonomous_team,synthetic_misconfiguration,1,37.76960802698159,3.63150475877752
EVAL-058,EVAL-MIS-07,qwen_autonomous_team,synthetic_misconfiguration,1,37.532353368995246,3.625203317522436
EVAL-059,EVAL-CLN-05,qwen_autonomous_team,clean_control,1,37.33629539399408,3.619965920390217
EVAL-060,EVAL-CLN-05,qwen_autonomous_team,clean_control,1,37.22901367396116,3.6170883947579986
EVAL-001,EVAL-KEV-A-01,qwen_autonomous_team,recent_kev_0_30,2,68.89776855200762,4.232623790731836
EVAL-002,EVAL-KEV-A-01,qwen_autonomous_team,recent_kev_0_30,2,64.57443259900901,4.167818552245802
EVAL-003,EVAL-KEV-A-02,qwen_autonomous_team,recent_kev_0_30,2,62.891792050009826,4.141415663140848
EVAL-004,EVAL-KEV-A-02,qwen_autonomous_team,recent_kev_0_30,2,69.84888915196643,4.246334182240312
EVAL-005,EVAL-KEV-A-03,qwen_autonomous_team,recent_kev_0_30,2,63.85778101102915,4.156658438969628
EVAL-006,EVAL-KEV-A-03,qwen_autonomous_team,recent_kev_0_30,2,66.90898279802059,4.203333230138747
EVAL-007,EVAL-KEV-B-01,qwen_autonomous_team,recent_kev_31_60,2,65.1853225339728,4.177234329080913
EVAL-008,EVAL-KEV-B-01,qwen_autonomous_team,recent_kev_31_60,2,70.65323511598399,4.257783898825045
EVAL-009,EVAL-KEV-B-02,qwen_autonomous_team,recent_kev_31_60,2,70.0955756919866,4.249859677811761
EVAL-010,EVAL-KEV-B-02,qwen_autonomous_team,recent_kev_31_60,2,63.88368743297178,4.1570640460542085
EVAL-011,EVAL-KEV-B-03,qwen_autonomous_team,recent_kev_31_60,2,49.01093688997207,3.8920434750409676
EVAL-012,EVAL-KEV-B-03,qwen_autonomous_team,recent_kev_31_60,2,36.824018561979756,3.6061503105876938
EVAL-013,EVAL-KEV-C-01,qwen_autonomous_team,recent_kev_61_90,2,64.65237591104233,4.169024854906739
EVAL-014,EVAL-KEV-C-01,qwen_autonomous_team,recent_kev_61_90,2,68.82540663401596,4.23157295924247
EVAL-015,EVAL-KEV-C-02,qwen_autonomous_team,recent_kev_61_90,2,63.03308394600754,4.143659730552847
EVAL-016,EVAL-KEV-C-02,qwen_autonomous_team,recent_kev_61_90,2,60.831267030967865,4.108103917163331
EVAL-017,EVAL-KEV-C-03,qwen_autonomous_team,recent_kev_61_90,2,67.94936243101256,4.218762757639411
EVAL-018,EVAL-KEV-C-03,qwen_autonomous_team,recent_kev_61_90,2,49.08824977101176,3.893619693961388
EVAL-019,EVAL-CVE-01,qwen_autonomous_team,other_cve,2,64.5758578130044,4.16784062287361
EVAL-020,EVAL-CVE-01,qwen_autonomous_team,other_cve,2,37.222461630997714,3.6169123863457133
EVAL-021,EVAL-CVE-02,qwen_autonomous_team,other_cve,2,90.98119594802847,4.510652847230538
EVAL-022,EVAL-CVE-02,qwen_autonomous_team,other_cve,2,38.29420918400865,3.6452986885153136
EVAL-023,EVAL-CVE-03,qwen_autonomous_team,other_cve,2,36.37494179303758,3.5938801252989694
EVAL-024,EVAL-CVE-03,qwen_autonomous_team,other_cve,2,36.42390883297776,3.5952253950911146
EVAL-025,EVAL-CVE-04,qwen_autonomous_team,other_cve,2,62.17880630400032,4.1300142070195145
EVAL-026,EVAL-CVE-04,qwen_autonomous_team,other_cve,2,35.574177977017825,3.5716200369490863
EVAL-027,EVAL-CVE-05,qwen_autonomous_team,other_cve,2,59.565134924981976,4.087070418420957
EVAL-028,EVAL-CVE-05,qwen_autonomous_team,other_cve,2,62.372643833979964,4.133126779153489
EVAL-029,EVAL-MIS-01,qwen_autonomous_team,synthetic_misconfiguration,2,57.5875280489563,4.053306017328664
EVAL-030,EVAL-MIS-01,qwen_autonomous_team,synthetic_misconfiguration,2,37.424886085034814,3.6223358864810145
EVAL-031,EVAL-MIS-02,qwen_autonomous_team,synthetic_misconfiguration,2,50.43887307701516,3.9207621689957315
EVAL-032,EVAL-MIS-02,qwen_autonomous_team,synthetic_misconfiguration,2,35.97115831403062,3.582717459413979
EVAL-033,EVAL-MIS-03,qwen_autonomous_team,synthetic_misconfiguration,2,44.604962877056096,3.797845128105701
EVAL-034,EVAL-MIS-03,qwen_autonomous_team,synthetic_misconfiguration,2,35.679215670970734,3.574568325154351
EVAL-035,EVAL-MIS-04,qwen_autonomous_team,synthetic_misconfiguration,2,36.67511835496407,3.6020985511530563
EVAL-036,EVAL-MIS-04,qwen_autonomous_team,synthetic_misconfiguration,2,37.07805843796814,3.6130253778911516
EVAL-037,EVAL-MIS-05,qwen_autonomous_team,synthetic_misconfiguration,2,58.09528082894394,4.062084435583792
EVAL-038,EVAL-MIS-05,qwen_autonomous_team,synthetic_misconfiguration,2,36.8671101659711,3.6073198301661513
EVAL-039,EVAL-MIS-06,qwen_autonomous_team,synthetic_misconfiguration,2,60.49822590002441,4.102614040640301
EVAL-040,EVAL-MIS-06,qwen_autonomous_team,synthetic_misconfiguration,2,37.232956508989446,3.617194296737822
EVAL-041,EVAL-CLN-01,qwen_autonomous_team,clean_control,2,37.15949481798452,3.615219319073479
EVAL-042,EVAL-CLN-01,qwen_autonomous_team,clean_control,2,39.03295681599411,3.664406335842773
EVAL-043,EVAL-CLN-02,qwen_autonomous_team,clean_control,2,37.72462719300529,3.630313122378583
EVAL-044,EVAL-CLN-02,qwen_autonomous_team,clean_control,2,36.70670235698344,3.6029593639173965
EVAL-045,EVAL-CLN-03,qwen_autonomous_team,clean_control,2,36.075890320003964,3.5856247840505855
EVAL-046,EVAL-CLN-03,qwen_autonomous_team,clean_control,2,36.12691876402823,3.587038259597243
EVAL-047,EVAL-CLN-04,qwen_autonomous_team,clean_control,2,36.28224202102865,3.5913284210505636
EVAL-048,EVAL-CLN-04,qwen_autonomous_team,clean_control,2,35.96777823101729,3.582623488522049
EVAL-049,EVAL-KEV-A-04,qwen_autonomous_team,recent_kev_0_30,2,64.54510130404378,4.167364224467764
EVAL-050,EVAL-KEV-A-04,qwen_autonomous_team,recent_kev_0_30,2,59.6679087060038,4.088794333257729
EVAL-051,EVAL-KEV-B-04,qwen_autonomous_team,recent_kev_31_60,2,65.10940539799049,4.176069014938457
EVAL-052,EVAL-KEV-B-04,qwen_autonomous_team,recent_kev_31_60,2,70.41372774800402,4.254388240575177
EVAL-053,EVAL-KEV-C-04,qwen_autonomous_team,recent_kev_61_90,2,36.52813561502262,3.598082802412573
EVAL-054,EVAL-KEV-C-04,qwen_autonomous_team,recent_kev_61_90,2,35.06154750002315,3.557105017139178
EVAL-055,EVAL-CVE-06,qwen_autonomous_team,other_cve,2,62.63199749396881,4.137276289593618
EVAL-056,EVAL-CVE-06,qwen_autonomous_team,other_cve,2,44.8670472119702,3.803703610199792
EVAL-057,EVAL-MIS-07,qwen_autonomous_team,synthetic_misconfiguration,2,36.37569389300188,3.5939008014059817
EVAL-058,EVAL-MIS-07,qwen_autonomous_team,synthetic_misconfiguration,2,37.0265818220505,3.6116360823216223
EVAL-059,EVAL-CLN-05,qwen_autonomous_team,clean_control,2,36.52540928099188,3.5980081630768397
EVAL-060,EVAL-CLN-05,qwen_autonomous_team,clean_control,2,36.37083827800234,3.59376730734484
EVAL-001,EVAL-KEV-A-01,qwen_autonomous_team,recent_kev_0_30,3,69.82800891797524,4.246035203175982
EVAL-002,EVAL-KEV-A-01,qwen_autonomous_team,recent_kev_0_30,3,64.30181214402546,4.163587813490703
EVAL-003,EVAL-KEV-A-02,qwen_autonomous_team,recent_kev_0_30,3,63.13833828701172,4.145328164871134
EVAL-004,EVAL-KEV-A-02,qwen_autonomous_team,recent_kev_0_30,3,69.74734702904243,4.244879384552195
EVAL-005,EVAL-KEV-A-03,qwen_autonomous_team,recent_kev_0_30,3,62.78212260999135,4.139670361132016
EVAL-006,EVAL-KEV-A-03,qwen_autonomous_team,recent_kev_0_30,3,65.38031896200846,4.180221279871017
EVAL-007,EVAL-KEV-B-01,qwen_autonomous_team,recent_kev_31_60,3,63.280560093029635,4.147578174447878
EVAL-008,EVAL-KEV-B-01,qwen_autonomous_team,recent_kev_31_60,3,69.51103449094808,4.241485509622108
EVAL-009,EVAL-KEV-B-02,qwen_autonomous_team,recent_kev_31_60,3,67.45250635093544,4.211423740613295
EVAL-010,EVAL-KEV-B-02,qwen_autonomous_team,recent_kev_31_60,3,62.33934290599427,4.132592733795899
EVAL-011,EVAL-KEV-B-03,qwen_autonomous_team,recent_kev_31_60,3,49.580846166965785,3.903604593161002
EVAL-012,EVAL-KEV-B-03,qwen_autonomous_team,recent_kev_31_60,3,36.421563181997044,3.595160994355787
EVAL-013,EVAL-KEV-C-01,qwen_autonomous_team,recent_kev_61_90,3,64.24853248900035,4.162758882876351
EVAL-014,EVAL-KEV-C-01,qwen_autonomous_team,recent_kev_61_90,3,66.6454013689945,4.199386047530074
EVAL-015,EVAL-KEV-C-02,qwen_autonomous_team,recent_kev_61_90,3,63.52084690492484,4.151368149736094
EVAL-016,EVAL-KEV-C-02,qwen_autonomous_team,recent_kev_61_90,3,60.61263843497727,4.104503426363319
EVAL-017,EVAL-KEV-C-03,qwen_autonomous_team,recent_kev_61_90,3,67.96524012897862,4.218996399908
EVAL-018,EVAL-KEV-C-03,qwen_autonomous_team,recent_kev_61_90,3,49.05881592305377,3.893019903256852
EVAL-019,EVAL-CVE-01,qwen_autonomous_team,other_cve,3,61.0862182029814,4.112286279408767
EVAL-020,EVAL-CVE-01,qwen_autonomous_team,other_cve,3,37.10050291297375,3.6136305251272747
EVAL-021,EVAL-CVE-02,qwen_autonomous_team,other_cve,3,90.74282456701621,4.508029401886858
EVAL-022,EVAL-CVE-02,qwen_autonomous_team,other_cve,3,36.901351186970714,3.608248167909158
EVAL-023,EVAL-CVE-03,qwen_autonomous_team,other_cve,3,35.62285892799264,3.5729875365158477
EVAL-024,EVAL-CVE-03,qwen_autonomous_team,other_cve,3,36.38523343601264,3.5941630174995804
EVAL-025,EVAL-CVE-04,qwen_autonomous_team,other_cve,3,60.692161371029215,4.10581455251119
EVAL-026,EVAL-CVE-04,qwen_autonomous_team,other_cve,3,35.128563463978935,3.559014573439897
EVAL-027,EVAL-CVE-05,qwen_autonomous_team,other_cve,3,59.522722476976924,4.086358130019376
EVAL-028,EVAL-CVE-05,qwen_autonomous_team,other_cve,3,60.68459294602508,4.1056898428819615
EVAL-029,EVAL-MIS-01,qwen_autonomous_team,synthetic_misconfiguration,3,57.35133392800344,4.049196102729529
EVAL-030,EVAL-MIS-01,qwen_autonomous_team,synthetic_misconfiguration,3,37.12745770299807,3.6143567956858473
EVAL-031,EVAL-MIS-02,qwen_autonomous_team,synthetic_misconfiguration,3,49.7804450810072,3.9076222378598455
EVAL-032,EVAL-MIS-02,qwen_autonomous_team,synthetic_misconfiguration,3,36.126608580962056,3.587029673633967
EVAL-033,EVAL-MIS-03,qwen_autonomous_team,synthetic_misconfiguration,3,43.53193435698631,3.7734947919071593
EVAL-034,EVAL-MIS-03,qwen_autonomous_team,synthetic_misconfiguration,3,35.476589711994166,3.568873034219496
EVAL-035,EVAL-MIS-04,qwen_autonomous_team,synthetic_misconfiguration,3,36.42360342098982,3.5952170101242573
EVAL-036,EVAL-MIS-04,qwen_autonomous_team,synthetic_misconfiguration,3,36.43475689904881,3.595523178917986
EVAL-037,EVAL-MIS-05,qwen_autonomous_team,synthetic_misconfiguration,3,57.90785043404321,4.058852961468181
EVAL-038,EVAL-MIS-05,qwen_autonomous_team,synthetic_misconfiguration,3,36.42544051000732,3.5952674456253635
EVAL-039,EVAL-MIS-06,qwen_autonomous_team,synthetic_misconfiguration,3,59.96657175300061,4.093787269513372
EVAL-040,EVAL-MIS-06,qwen_autonomous_team,synthetic_misconfiguration,3,36.17531673502526,3.5883770281122582
EVAL-041,EVAL-CLN-01,qwen_autonomous_team,clean_control,3,36.120646425988525,3.586864625010694
EVAL-042,EVAL-CLN-01,qwen_autonomous_team,clean_control,3,37.76985142802005,3.6315112031190657
EVAL-043,EVAL-CLN-02,qwen_autonomous_team,clean_control,3,35.93554412003141,3.5817268925904204
EVAL-044,EVAL-CLN-02,qwen_autonomous_team,clean_control,3,35.82227263698587,3.578569840655291
EVAL-045,EVAL-CLN-03,qwen_autonomous_team,clean_control,3,35.12561535401619,3.5589306464760044
EVAL-046,EVAL-CLN-03,qwen_autonomous_team,clean_control,3,35.98591302099521,3.583127556903986
EVAL-047,EVAL-CLN-04,qwen_autonomous_team,clean_control,3,36.225206942966906,3.58975520090173
EVAL-048,EVAL-CLN-04,qwen_autonomous_team,clean_control,3,34.723106743971584,3.547405365742156
EVAL-049,EVAL-KEV-A-04,qwen_autonomous_team,recent_kev_0_30,3,63.5384247279726,4.151644836717438
EVAL-050,EVAL-KEV-A-04,qwen_autonomous_team,recent_kev_0_30,3,58.48479244695045,4.068766762271041
EVAL-051,EVAL-KEV-B-04,qwen_autonomous_team,recent_kev_31_60,3,63.2985884329828,4.147863029264567
EVAL-052,EVAL-KEV-B-04,qwen_autonomous_team,recent_kev_31_60,3,70.56960504001472,4.256599528284802
EVAL-053,EVAL-KEV-C-04,qwen_autonomous_team,recent_kev_61_90,3,35.885207551007625,3.580325164647046
EVAL-054,EVAL-KEV-C-04,qwen_autonomous_team,recent_kev_61_90,3,35.41725854203105,3.5671992307717706
EVAL-055,EVAL-CVE-06,qwen_autonomous_team,other_cve,3,63.525585642957594,4.151442748257909
EVAL-056,EVAL-CVE-06,qwen_autonomous_team,other_cve,3,42.60309248697013,3.751926844231386
EVAL-057,EVAL-MIS-07,qwen_autonomous_team,synthetic_misconfiguration,3,36.46947628897033,3.596475644667313
EVAL-058,EVAL-MIS-07,qwen_autonomous_team,synthetic_misconfiguration,3,36.34018071202445,3.5929240357686614
EVAL-059,EVAL-CLN-05,qwen_autonomous_team,clean_control,3,36.17528930900153,3.5883762699700608
EVAL-060,EVAL-CLN-05,qwen_autonomous_team,clean_control,3,35.96587711700704,3.5825706310938674
EVAL-001,EVAL-KEV-A-01,qwen_autonomous_team,recent_kev_0_30,4,66.25078598893015,4.193447328779806
EVAL-002,EVAL-KEV-A-01,qwen_autonomous_team,recent_kev_0_30,4,64.36444295704132,4.164561352635265
EVAL-003,EVAL-KEV-A-02,qwen_autonomous_team,recent_kev_0_30,4,64.21558578705299,4.162245950500963
EVAL-004,EVAL-KEV-A-02,qwen_autonomous_team,recent_kev_0_30,4,68.90548642896465,4.232735803716815
EVAL-005,EVAL-KEV-A-03,qwen_autonomous_team,recent_kev_0_30,4,62.99785289194551,4.14310064473053
EVAL-006,EVAL-KEV-A-03,qwen_autonomous_team,recent_kev_0_30,4,64.68256425700383,4.16949167920759
EVAL-007,EVAL-KEV-B-01,qwen_autonomous_team,recent_kev_31_60,4,65.01874211401446,4.174675568549193
EVAL-008,EVAL-KEV-B-01,qwen_autonomous_team,recent_kev_31_60,4,69.40121731002,4.239904407849128
EVAL-009,EVAL-KEV-B-02,qwen_autonomous_team,recent_kev_31_60,4,70.42697082800441,4.254576298149066
EVAL-010,EVAL-KEV-B-02,qwen_autonomous_team,recent_kev_31_60,4,62.153402574011125,4.1296055642298155
EVAL-011,EVAL-KEV-B-03,qwen_autonomous_team,recent_kev_31_60,4,50.3216129479988,3.9184346656940288
EVAL-012,EVAL-KEV-B-03,qwen_autonomous_team,recent_kev_31_60,4,35.7682317130384,3.577060117132526
EVAL-013,EVAL-KEV-C-01,qwen_autonomous_team,recent_kev_61_90,4,63.155556748999516,4.145600837783622
EVAL-014,EVAL-KEV-C-01,qwen_autonomous_team,recent_kev_61_90,4,68.05391408797004,4.220300245268077
EVAL-015,EVAL-KEV-C-02,qwen_autonomous_team,recent_kev_61_90,4,62.71848879000754,4.138656281204801
EVAL-016,EVAL-KEV-C-02,qwen_autonomous_team,recent_kev_61_90,4,59.4780745600292,4.08560774985127
EVAL-017,EVAL-KEV-C-03,qwen_autonomous_team,recent_kev_61_90,4,67.00461387104588,4.20476148076692
EVAL-018,EVAL-KEV-C-03,qwen_autonomous_team,recent_kev_61_90,4,49.6764284199744,3.905530543333451
EVAL-019,EVAL-CVE-01,qwen_autonomous_team,other_cve,4,61.142059303994756,4.113199997674907
EVAL-020,EVAL-CVE-01,qwen_autonomous_team,other_cve,4,36.79401887295535,3.6053353013391383
EVAL-021,EVAL-CVE-02,qwen_autonomous_team,other_cve,4,90.48397076604306,4.505172716411269
EVAL-022,EVAL-CVE-02,qwen_autonomous_team,other_cve,4,37.97647831501672,3.6369669763618386
EVAL-023,EVAL-CVE-03,qwen_autonomous_team,other_cve,4,35.76890405701124,3.577078914194097
EVAL-024,EVAL-CVE-03,qwen_autonomous_team,other_cve,4,35.77172366803279,3.577157739642312
EVAL-025,EVAL-CVE-04,qwen_autonomous_team,other_cve,4,59.33518114002072,4.083202403948386
EVAL-026,EVAL-CVE-04,qwen_autonomous_team,other_cve,4,36.42120625401731,3.595151194399456
EVAL-027,EVAL-CVE-05,qwen_autonomous_team,other_cve,4,58.128566456987755,4.06265722042496
EVAL-028,EVAL-CVE-05,qwen_autonomous_team,other_cve,4,61.033484532963485,4.1114226403380165
EVAL-029,EVAL-MIS-01,qwen_autonomous_team,synthetic_misconfiguration,4,56.067956784012495,4.0265644690223965
EVAL-030,EVAL-MIS-01,qwen_autonomous_team,synthetic_misconfiguration,4,37.27938435500255,3.6184404755984816
EVAL-031,EVAL-MIS-02,qwen_autonomous_team,synthetic_misconfiguration,4,49.025994449999416,3.892350656425369
EVAL-032,EVAL-MIS-02,qwen_autonomous_team,synthetic_misconfiguration,4,36.203947631962365,3.589168163492835
EVAL-033,EVAL-MIS-03,qwen_autonomous_team,synthetic_misconfiguration,4,44.23133514798246,3.789433477904001
EVAL-034,EVAL-MIS-03,qwen_autonomous_team,synthetic_misconfiguration,4,35.41648180995253,3.5671772996391016
EVAL-035,EVAL-MIS-04,qwen_autonomous_team,synthetic_misconfiguration,4,38.26839993498288,3.6446244886597867
EVAL-036,EVAL-MIS-04,qwen_autonomous_team,synthetic_misconfiguration,4,35.62325097498251,3.5729985419445067
EVAL-037,EVAL-MIS-05,qwen_autonomous_team,synthetic_misconfiguration,4,59.211719244980486,4.081119482517686
EVAL-038,EVAL-MIS-05,qwen_autonomous_team,synthetic_misconfiguration,4,36.4162711710087,3.5950156849559494
EVAL-039,EVAL-MIS-06,qwen_autonomous_team,synthetic_misconfiguration,4,58.32280541097862,4.065993190298231
EVAL-040,EVAL-MIS-06,qwen_autonomous_team,synthetic_misconfiguration,4,37.03469800198218,3.6118552570370324
EVAL-041,EVAL-CLN-01,qwen_autonomous_team,clean_control,4,36.14020134299062,3.5874058563436555
EVAL-042,EVAL-CLN-01,qwen_autonomous_team,clean_control,4,37.97162856903742,3.6368392642651224
EVAL-043,EVAL-CLN-02,qwen_autonomous_team,clean_control,4,35.62182684597792,3.5729585636316648
EVAL-044,EVAL-CLN-02,qwen_autonomous_team,clean_control,4,35.564683725038776,3.571353115274821
EVAL-045,EVAL-CLN-03,qwen_autonomous_team,clean_control,4,35.174690640036715,3.560326808080092
EVAL-046,EVAL-CLN-03,qwen_autonomous_team,clean_control,4,35.84148619603366,3.5791060547702362
EVAL-047,EVAL-CLN-04,qwen_autonomous_team,clean_control,4,35.56801077997079,3.5714466603023953
EVAL-048,EVAL-CLN-04,qwen_autonomous_team,clean_control,4,36.24476290802704,3.590294899360969
EVAL-049,EVAL-KEV-A-04,qwen_autonomous_team,recent_kev_0_30,4,63.146458292991156,4.145456763185587
EVAL-050,EVAL-KEV-A-04,qwen_autonomous_team,recent_kev_0_30,4,59.08435649302555,4.078966193824519
EVAL-051,EVAL-KEV-B-04,qwen_autonomous_team,recent_kev_31_60,4,63.36402132301009,4.148896213342709
EVAL-052,EVAL-KEV-B-04,qwen_autonomous_team,recent_kev_31_60,4,70.18193751503713,4.2510909775687535
EVAL-053,EVAL-KEV-C-04,qwen_autonomous_team,recent_kev_61_90,4,35.348505167028634,3.565256104801479
EVAL-054,EVAL-KEV-C-04,qwen_autonomous_team,recent_kev_61_90,4,36.37096286000451,3.593770732665638
EVAL-055,EVAL-CVE-06,qwen_autonomous_team,other_cve,4,63.03348221402848,4.143666048929449
EVAL-056,EVAL-CVE-06,qwen_autonomous_team,other_cve,4,44.188630132965045,3.7884675191818435
EVAL-057,EVAL-MIS-07,qwen_autonomous_team,synthetic_misconfiguration,4,35.751388065022184,3.5765890953798958
EVAL-058,EVAL-MIS-07,qwen_autonomous_team,synthetic_misconfiguration,4,35.51717466500122,3.5700163728714
EVAL-059,EVAL-CLN-05,qwen_autonomous_team,clean_control,4,37.00849138997728,3.6111473833402234
EVAL-060,EVAL-CLN-05,qwen_autonomous_team,clean_control,4,35.106979166012025,3.558399947344955
EVAL-001,EVAL-KEV-A-01,qwen_autonomous_team,recent_kev_0_30,5,68.64107456296915,4.228891110112079
EVAL-002,EVAL-KEV-A-01,qwen_autonomous_team,recent_kev_0_30,5,67.15694125302252,4.207032286994425
EVAL-003,EVAL-KEV-A-02,qwen_autonomous_team,recent_kev_0_30,5,66.3902925470029,4.195550849213345
EVAL-004,EVAL-KEV-A-02,qwen_autonomous_team,recent_kev_0_30,5,71.19686728299712,4.265448818615643
EVAL-005,EVAL-KEV-A-03,qwen_autonomous_team,recent_kev_0_30,5,64.32422496401705,4.1639363093430575
EVAL-006,EVAL-KEV-A-03,qwen_autonomous_team,recent_kev_0_30,5,66.84069479399477,4.2023120985563915
EVAL-007,EVAL-KEV-B-01,qwen_autonomous_team,recent_kev_31_60,5,65.36835104296915,4.180038212325133
EVAL-008,EVAL-KEV-B-01,qwen_autonomous_team,recent_kev_31_60,5,72.04004987102235,4.27722221257601
EVAL-009,EVAL-KEV-B-02,qwen_autonomous_team,recent_kev_31_60,5,71.91351990800467,4.275464284713622
EVAL-010,EVAL-KEV-B-02,qwen_autonomous_team,recent_kev_31_60,5,66.89065798101365,4.203059315843988
EVAL-011,EVAL-KEV-B-03,qwen_autonomous_team,recent_kev_31_60,5,48.06134670902975,3.872478251327086
EVAL-012,EVAL-KEV-B-03,qwen_autonomous_team,recent_kev_31_60,5,36.42394859396154,3.595226486708224
EVAL-013,EVAL-KEV-C-01,qwen_autonomous_team,recent_kev_61_90,5,67.26959437600453,4.208708342229006
EVAL-014,EVAL-KEV-C-01,qwen_autonomous_team,recent_kev_61_90,5,70.2717251169961,4.252369514739054
EVAL-015,EVAL-KEV-C-02,qwen_autonomous_team,recent_kev_61_90,5,63.79890789903584,4.155736072634266
EVAL-016,EVAL-KEV-C-02,qwen_autonomous_team,recent_kev_61_90,5,60.38611520497943,4.100759197801887
EVAL-017,EVAL-KEV-C-03,qwen_autonomous_team,recent_kev_61_90,5,70.2577430329984,4.2521705232502525
EVAL-018,EVAL-KEV-C-03,qwen_autonomous_team,recent_kev_61_90,5,50.08223978502792,3.9136664499336797
EVAL-019,EVAL-CVE-01,qwen_autonomous_team,other_cve,5,62.67146177394898,4.13790618890391
EVAL-020,EVAL-CVE-01,qwen_autonomous_team,other_cve,5,36.52317695700913,3.5979470441942327
EVAL-021,EVAL-CVE-02,qwen_autonomous_team,other_cve,5,93.76826386500034,4.540826460436632
EVAL-022,EVAL-CVE-02,qwen_autonomous_team,other_cve,5,37.73571762503707,3.6306070630473775
EVAL-023,EVAL-CVE-03,qwen_autonomous_team,other_cve,5,37.29512409598101,3.618862596817625
EVAL-024,EVAL-CVE-03,qwen_autonomous_team,other_cve,5,37.29955438894103,3.6189813799012236
EVAL-025,EVAL-CVE-04,qwen_autonomous_team,other_cve,5,61.248893682000926,4.114945786927032
EVAL-026,EVAL-CVE-04,qwen_autonomous_team,other_cve,5,36.12652810799773,3.5870274461053637
EVAL-027,EVAL-CVE-05,qwen_autonomous_team,other_cve,5,60.252668596978765,4.098546863455938
EVAL-028,EVAL-CVE-05,qwen_autonomous_team,other_cve,5,62.57677117199637,4.136394141703463
EVAL-029,EVAL-MIS-01,qwen_autonomous_team,synthetic_misconfiguration,5,59.419258186972,4.084618385725163
EVAL-030,EVAL-MIS-01,qwen_autonomous_team,synthetic_misconfiguration,5,38.39155208997545,3.6478374377337577
EVAL-031,EVAL-MIS-02,qwen_autonomous_team,synthetic_misconfiguration,5,50.49014643399278,3.9217781971239525
EVAL-032,EVAL-MIS-02,qwen_autonomous_team,synthetic_misconfiguration,5,37.366359270963585,3.6207708149077527
EVAL-033,EVAL-MIS-03,qwen_autonomous_team,synthetic_misconfiguration,5,45.7711986900249,3.8236550437485457
EVAL-034,EVAL-MIS-03,qwen_autonomous_team,synthetic_misconfiguration,5,38.37143939497764,3.647313417106917
EVAL-035,EVAL-MIS-04,qwen_autonomous_team,synthetic_misconfiguration,5,37.78625181299867,3.63194532781668
EVAL-036,EVAL-MIS-04,qwen_autonomous_team,synthetic_misconfiguration,5,36.793209058989305,3.6053132917054334
EVAL-037,EVAL-MIS-05,qwen_autonomous_team,synthetic_misconfiguration,5,58.62900337102474,4.071229512213613
EVAL-038,EVAL-MIS-05,qwen_autonomous_team,synthetic_misconfiguration,5,36.94059989598463,3.6093112143789337
EVAL-039,EVAL-MIS-06,qwen_autonomous_team,synthetic_misconfiguration,5,59.164046535035595,4.080314035351908
EVAL-040,EVAL-MIS-06,qwen_autonomous_team,synthetic_misconfiguration,5,37.13908890399034,3.6146700242286776
EVAL-041,EVAL-CLN-01,qwen_autonomous_team,clean_control,5,36.32231501003844,3.592432290965005
EVAL-042,EVAL-CLN-01,qwen_autonomous_team,clean_control,5,37.528211203956744,3.625092948913666
EVAL-043,EVAL-CLN-02,qwen_autonomous_team,clean_control,5,36.595970964990556,3.5999381514239954
EVAL-044,EVAL-CLN-02,qwen_autonomous_team,clean_control,5,36.83492409106111,3.6064464193497328
EVAL-045,EVAL-CLN-03,qwen_autonomous_team,clean_control,5,36.4903830489784,3.59704874776181
EVAL-046,EVAL-CLN-03,qwen_autonomous_team,clean_control,5,37.544922014989424,3.6255381364419375
EVAL-047,EVAL-CLN-04,qwen_autonomous_team,clean_control,5,35.6129992249771,3.5727107179771473
EVAL-048,EVAL-CLN-04,qwen_autonomous_team,clean_control,5,35.26856152995606,3.562991958895582
EVAL-049,EVAL-KEV-A-04,qwen_autonomous_team,recent_kev_0_30,5,66.39068101998419,4.195556700548379
EVAL-050,EVAL-KEV-A-04,qwen_autonomous_team,recent_kev_0_30,5,60.99103318605921,4.110726856418352
EVAL-051,EVAL-KEV-B-04,qwen_autonomous_team,recent_kev_31_60,5,64.70693419600138,4.169868370354507
EVAL-052,EVAL-KEV-B-04,qwen_autonomous_team,recent_kev_31_60,5,75.2959481739963,4.321426324247811
EVAL-053,EVAL-KEV-C-04,qwen_autonomous_team,recent_kev_61_90,5,37.46715401802794,3.6234646563054933
EVAL-054,EVAL-KEV-C-04,qwen_autonomous_team,recent_kev_61_90,5,37.69370860300842,3.6294931999710496
EVAL-055,EVAL-CVE-06,qwen_autonomous_team,other_cve,5,64.86932472599437,4.172374857520627
EVAL-056,EVAL-CVE-06,qwen_autonomous_team,other_cve,5,45.667439490993274,3.821385560177257
EVAL-057,EVAL-MIS-07,qwen_autonomous_team,synthetic_misconfiguration,5,39.10623126098653,3.666281821582361
EVAL-058,EVAL-MIS-07,qwen_autonomous_team,synthetic_misconfiguration,5,36.991535073990235,3.610689104685632
EVAL-059,EVAL-CLN-05,qwen_autonomous_team,clean_control,5,37.26909653097391,3.6181644720107045
EVAL-060,EVAL-CLN-05,qwen_autonomous_team,clean_control,5,36.48722985503264,3.596962332385306
EVAL-001,EVAL-KEV-A-01,qwen_fixed_team,recent_kev_0_30,1,142.37622929100326,4.958473055907444
EVAL-002,EVAL-KEV-A-01,qwen_fixed_team,recent_kev_0_30,1,129.99725976599802,4.867513371510331
EVAL-003,EVAL-KEV-A-02,qwen_fixed_team,recent_kev_0_30,1,123.08325296000112,4.812860979743853
EVAL-004,EVAL-KEV-A-02,qwen_fixed_team,recent_kev_0_30,1,62.87706422300107,4.141181458465502
EVAL-005,EVAL-KEV-A-03,qwen_fixed_team,recent_kev_0_30,1,82.43116940800246,4.411963634904143
EVAL-006,EVAL-KEV-A-03,qwen_fixed_team,recent_kev_0_30,1,120.25234722299501,4.789592428321313
EVAL-007,EVAL-KEV-B-01,qwen_fixed_team,recent_kev_31_60,1,71.49345316500694,4.269605881381935
EVAL-008,EVAL-KEV-B-01,qwen_fixed_team,recent_kev_31_60,1,89.26896731399756,4.491653917005143
EVAL-009,EVAL-KEV-B-02,qwen_fixed_team,recent_kev_31_60,1,69.99331406800047,4.248399724173393
EVAL-010,EVAL-KEV-B-02,qwen_fixed_team,recent_kev_31_60,1,212.2945989159998,5.3579749275754125
EVAL-011,EVAL-KEV-B-03,qwen_fixed_team,recent_kev_31_60,1,63.12189809899428,4.145067747362329
EVAL-012,EVAL-KEV-B-03,qwen_fixed_team,recent_kev_31_60,1,55.992690475995914,4.025221155001373
EVAL-013,EVAL-KEV-C-01,qwen_fixed_team,recent_kev_61_90,1,74.57401357500203,4.311792103025393
EVAL-014,EVAL-KEV-C-01,qwen_fixed_team,recent_kev_61_90,1,118.3932902719971,4.7740120508440755
EVAL-015,EVAL-KEV-C-02,qwen_fixed_team,recent_kev_61_90,1,103.7612214940018,4.642092312240377
EVAL-016,EVAL-KEV-C-02,qwen_fixed_team,recent_kev_61_90,1,54.93010368400064,4.006061534918753
EVAL-017,EVAL-KEV-C-03,qwen_fixed_team,recent_kev_61_90,1,68.12454194499878,4.221337529217666
EVAL-018,EVAL-KEV-C-03,qwen_fixed_team,recent_kev_61_90,1,63.25768396399508,4.147216605825612
EVAL-019,EVAL-CVE-01,qwen_fixed_team,other_cve,1,126.73360375199263,4.8420872751450625
EVAL-020,EVAL-CVE-01,qwen_fixed_team,other_cve,1,171.36858951200338,5.143816730980097
EVAL-021,EVAL-CVE-02,qwen_fixed_team,other_cve,1,147.51458952300527,4.993927082908778
EVAL-022,EVAL-CVE-02,qwen_fixed_team,other_cve,1,32.61086967799929,3.484645658504164
EVAL-023,EVAL-CVE-03,qwen_fixed_team,other_cve,1,57.2808932500011,4.047967116979141
EVAL-024,EVAL-CVE-03,qwen_fixed_team,other_cve,1,58.422512229997665,4.067701298944919
EVAL-025,EVAL-CVE-04,qwen_fixed_team,other_cve,1,61.52600010799506,4.1194598514557725
EVAL-026,EVAL-CVE-04,qwen_fixed_team,other_cve,1,95.10919110500254,4.555025611621649
EVAL-027,EVAL-CVE-05,qwen_fixed_team,other_cve,1,99.38006206600039,4.598951510706082
EVAL-028,EVAL-CVE-05,qwen_fixed_team,other_cve,1,92.62094448899734,4.528515298463335
EVAL-029,EVAL-MIS-01,qwen_fixed_team,synthetic_misconfiguration,1,31.112955267009966,3.4376243005158575
EVAL-030,EVAL-MIS-01,qwen_fixed_team,synthetic_misconfiguration,1,34.986217181009124,3.5549541891035576
EVAL-031,EVAL-MIS-02,qwen_fixed_team,synthetic_misconfiguration,1,49.69366052999976,3.9058773702384117
EVAL-032,EVAL-MIS-02,qwen_fixed_team,synthetic_misconfiguration,1,52.30706551500043,3.957131457835359
EVAL-033,EVAL-MIS-03,qwen_fixed_team,synthetic_misconfiguration,1,54.617376814003364,4.000352088784677
EVAL-034,EVAL-MIS-03,qwen_fixed_team,synthetic_misconfiguration,1,57.00718198600225,4.0431772596516735
EVAL-035,EVAL-MIS-04,qwen_fixed_team,synthetic_misconfiguration,1,77.30733894499281,4.347788892160404
EVAL-036,EVAL-MIS-04,qwen_fixed_team,synthetic_misconfiguration,1,65.78837668199412,4.186443176557197
EVAL-037,EVAL-MIS-05,qwen_fixed_team,synthetic_misconfiguration,1,104.17682081500243,4.6460896555815205
EVAL-038,EVAL-MIS-05,qwen_fixed_team,synthetic_misconfiguration,1,77.34228765700027,4.348240864963317
EVAL-039,EVAL-MIS-06,qwen_fixed_team,synthetic_misconfiguration,1,57.69419999099409,4.055156648374814
EVAL-040,EVAL-MIS-06,qwen_fixed_team,synthetic_misconfiguration,1,31.915505386001314,3.463091953957899
EVAL-041,EVAL-CLN-01,qwen_fixed_team,clean_control,1,75.33109963400057,4.321893059288482
EVAL-042,EVAL-CLN-01,qwen_fixed_team,clean_control,1,53.73812550100047,3.9841227216895336
EVAL-043,EVAL-CLN-02,qwen_fixed_team,clean_control,1,30.600984675998916,3.4210321873948164
EVAL-044,EVAL-CLN-02,qwen_fixed_team,clean_control,1,56.721445022005355,4.038152358309885
EVAL-045,EVAL-CLN-03,qwen_fixed_team,clean_control,1,47.953995455998665,3.870242123322071
EVAL-046,EVAL-CLN-03,qwen_fixed_team,clean_control,1,59.4862027280069,4.0857443987374005
EVAL-047,EVAL-CLN-04,qwen_fixed_team,clean_control,1,50.50181461699685,3.922009268645578
EVAL-048,EVAL-CLN-04,qwen_fixed_team,clean_control,1,76.20002216400098,4.333361753558713
EVAL-049,EVAL-KEV-A-04,qwen_fixed_team,recent_kev_0_30,1,135.8772732380021,4.9117520756639035
EVAL-050,EVAL-KEV-A-04,qwen_fixed_team,recent_kev_0_30,1,113.67151000700323,4.733312797739912
EVAL-051,EVAL-KEV-B-04,qwen_fixed_team,recent_kev_31_60,1,123.72874492799747,4.818091628539082
EVAL-052,EVAL-KEV-B-04,qwen_fixed_team,recent_kev_31_60,1,67.96181116799562,4.218945946948843
EVAL-053,EVAL-KEV-C-04,qwen_fixed_team,recent_kev_61_90,1,31.366737611002463,3.445748019695453
EVAL-054,EVAL-KEV-C-04,qwen_fixed_team,recent_kev_61_90,1,73.24307346000569,4.293783683153112
EVAL-055,EVAL-CVE-06,qwen_fixed_team,other_cve,1,36.651235255994834,3.601447131884603
EVAL-056,EVAL-CVE-06,qwen_fixed_team,other_cve,1,166.75393723599336,5.116519296127138
EVAL-057,EVAL-MIS-07,qwen_fixed_team,synthetic_misconfiguration,1,51.46941841899752,3.94098781418364
EVAL-058,EVAL-MIS-07,qwen_fixed_team,synthetic_misconfiguration,1,75.90037446800488,4.329421618091717
EVAL-059,EVAL-CLN-05,qwen_fixed_team,clean_control,1,78.2637754929965,4.360084858565156
EVAL-060,EVAL-CLN-05,qwen_fixed_team,clean_control,1,32.54570276499726,3.482645340430703
EVAL-001,EVAL-KEV-A-01,qwen_fixed_team,recent_kev_0_30,2,63.00603649200639,4.14323053913478
EVAL-002,EVAL-KEV-A-01,qwen_fixed_team,recent_kev_0_30,2,58.117048714986595,4.062459058248747
EVAL-003,EVAL-KEV-A-02,qwen_fixed_team,recent_kev_0_30,2,59.70825777299615,4.089470331988782
EVAL-004,EVAL-KEV-A-02,qwen_fixed_team,recent_kev_0_30,2,65.90055220601062,4.188146820927233
EVAL-005,EVAL-KEV-A-03,qwen_fixed_team,recent_kev_0_30,2,79.46364707799512,4.375299647621544
EVAL-006,EVAL-KEV-A-03,qwen_fixed_team,recent_kev_0_30,2,64.68444524099323,4.169520759016991
EVAL-007,EVAL-KEV-B-01,qwen_fixed_team,recent_kev_31_60,2,71.25875983899459,4.266317756700325
EVAL-008,EVAL-KEV-B-01,qwen_fixed_team,recent_kev_31_60,2,82.75168473200029,4.415844373349022
EVAL-009,EVAL-KEV-B-02,qwen_fixed_team,recent_kev_31_60,2,66.20574571601173,4.192767252469872
EVAL-010,EVAL-KEV-B-02,qwen_fixed_team,recent_kev_31_60,2,69.89341867499752,4.24697149137354
EVAL-011,EVAL-KEV-B-03,qwen_fixed_team,recent_kev_31_60,2,30.45339035998768,3.4161973298293766
EVAL-012,EVAL-KEV-B-03,qwen_fixed_team,recent_kev_31_60,2,29.92749538499629,3.3987776359372543
EVAL-013,EVAL-KEV-C-01,qwen_fixed_team,recent_kev_61_90,2,68.33117139201204,4.2243660518041235
EVAL-014,EVAL-KEV-C-01,qwen_fixed_team,recent_kev_61_90,2,54.7301799689958,4.002415293456574
EVAL-015,EVAL-KEV-C-02,qwen_fixed_team,recent_kev_61_90,2,57.05146658299782,4.043953782953964
EVAL-016,EVAL-KEV-C-02,qwen_fixed_team,recent_kev_61_90,2,61.60724675700476,4.120779505779346
EVAL-017,EVAL-KEV-C-03,qwen_fixed_team,recent_kev_61_90,2,58.63748341198516,4.071374140763641
EVAL-018,EVAL-KEV-C-03,qwen_fixed_team,recent_kev_61_90,2,57.647718858010194,4.054350677120583
EVAL-019,EVAL-CVE-01,qwen_fixed_team,other_cve,2,67.56309381798928,4.2130618845262315
EVAL-020,EVAL-CVE-01,qwen_fixed_team,other_cve,2,82.85102678200201,4.417044137060737
EVAL-021,EVAL-CVE-02,qwen_fixed_team,other_cve,2,80.59755113100982,4.3894682660610576
EVAL-022,EVAL-CVE-02,qwen_fixed_team,other_cve,2,29.169289415011008,3.3731164234530238
EVAL-023,EVAL-CVE-03,qwen_fixed_team,other_cve,2,30.495494372014946,3.4175789471931717
EVAL-024,EVAL-CVE-03,qwen_fixed_team,other_cve,2,35.30597684100212,3.564052265216106
EVAL-025,EVAL-CVE-04,qwen_fixed_team,other_cve,2,58.92118248099723,4.076200660656405
EVAL-026,EVAL-CVE-04,qwen_fixed_team,other_cve,2,45.258553353000025,3.8123916766587698
EVAL-027,EVAL-CVE-05,qwen_fixed_team,other_cve,2,53.52893885598314,3.980222420857098
EVAL-028,EVAL-CVE-05,qwen_fixed_team,other_cve,2,44.614475843991386,3.7980583768574907
EVAL-029,EVAL-MIS-01,qwen_fixed_team,synthetic_misconfiguration,2,32.16628199499246,3.470918760900427
EVAL-030,EVAL-MIS-01,qwen_fixed_team,synthetic_misconfiguration,2,28.4263376999952,3.3473160992151274
EVAL-031,EVAL-MIS-02,qwen_fixed_team,synthetic_misconfiguration,2,29.279104229004588,3.376874095353426
EVAL-032,EVAL-MIS-02,qwen_fixed_team,synthetic_misconfiguration,2,30.136911759989744,3.405750724776435
EVAL-033,EVAL-MIS-03,qwen_fixed_team,synthetic_misconfiguration,2,33.057075495009485,3.4982356279539863
EVAL-034,EVAL-MIS-03,qwen_fixed_team,synthetic_misconfiguration,2,30.03978616299719,3.4025227084617162
EVAL-035,EVAL-MIS-04,qwen_fixed_team,synthetic_misconfiguration,2,30.560899119998794,3.419721385331446
EVAL-036,EVAL-MIS-04,qwen_fixed_team,synthetic_misconfiguration,2,30.299533869008883,3.411132328535898
EVAL-037,EVAL-MIS-05,qwen_fixed_team,synthetic_misconfiguration,2,70.93465732400364,4.261759133907192
EVAL-038,EVAL-MIS-05,qwen_fixed_team,synthetic_misconfiguration,2,29.597540860988374,3.3876912788580986
EVAL-039,EVAL-MIS-06,qwen_fixed_team,synthetic_misconfiguration,2,34.59687347699219,3.5437633160441506
EVAL-040,EVAL-MIS-06,qwen_fixed_team,synthetic_misconfiguration,2,32.16232308300823,3.470795676870098
EVAL-041,EVAL-CLN-01,qwen_fixed_team,clean_control,2,27.685079267997935,3.320893613481882
EVAL-042,EVAL-CLN-01,qwen_fixed_team,clean_control,2,30.433050898995134,3.4155292184624266
EVAL-043,EVAL-CLN-02,qwen_fixed_team,clean_control,2,32.859447238006396,3.4922392907392843
EVAL-044,EVAL-CLN-02,qwen_fixed_team,clean_control,2,28.532629068999086,3.35104831201373
EVAL-045,EVAL-CLN-03,qwen_fixed_team,clean_control,2,30.923125078006706,3.431504288405245
EVAL-046,EVAL-CLN-03,qwen_fixed_team,clean_control,2,28.294650025003648,3.342672741725049
EVAL-047,EVAL-CLN-04,qwen_fixed_team,clean_control,2,27.600639133001096,3.317838929447779
EVAL-048,EVAL-CLN-04,qwen_fixed_team,clean_control,2,30.794998521989328,3.4273522911438543
EVAL-049,EVAL-KEV-A-04,qwen_fixed_team,recent_kev_0_30,2,62.750031957999454,4.139159087302591
EVAL-050,EVAL-KEV-A-04,qwen_fixed_team,recent_kev_0_30,2,66.08532570298848,4.190946720744019
EVAL-051,EVAL-KEV-B-04,qwen_fixed_team,recent_kev_31_60,2,60.583148988000175,4.104016784901828
EVAL-052,EVAL-KEV-B-04,qwen_fixed_team,recent_kev_31_60,2,61.69822997799929,4.122255242947161
EVAL-053,EVAL-KEV-C-04,qwen_fixed_team,recent_kev_61_90,2,27.715121955996437,3.3219781832227735
EVAL-054,EVAL-KEV-C-04,qwen_fixed_team,recent_kev_61_90,2,32.66269113199087,3.4862334825553156
EVAL-055,EVAL-CVE-06,qwen_fixed_team,other_cve,2,32.31660675400053,3.4755812390941454
EVAL-056,EVAL-CVE-06,qwen_fixed_team,other_cve,2,77.82083986100042,4.354409259852327
EVAL-057,EVAL-MIS-07,qwen_fixed_team,synthetic_misconfiguration,2,30.06547106400103,3.4033773725544196
EVAL-058,EVAL-MIS-07,qwen_fixed_team,synthetic_misconfiguration,2,30.279206052990048,3.410461208046829
EVAL-059,EVAL-CLN-05,qwen_fixed_team,clean_control,2,29.185826844004623,3.3736832093835987
EVAL-060,EVAL-CLN-05,qwen_fixed_team,clean_control,2,27.83334945599927,3.326234922445991
EVAL-001,EVAL-KEV-A-01,qwen_fixed_team,recent_kev_0_30,3,59.171827769008814,4.080445546341795
EVAL-002,EVAL-KEV-A-01,qwen_fixed_team,recent_kev_0_30,3,55.54443120100768,4.017183262653729
EVAL-003,EVAL-KEV-A-02,qwen_fixed_team,recent_kev_0_30,3,59.68649804800225,4.089105831469723
EVAL-004,EVAL-KEV-A-02,qwen_fixed_team,recent_kev_0_30,3,59.03904663299909,4.078199032346784
EVAL-005,EVAL-KEV-A-03,qwen_fixed_team,recent_kev_0_30,3,78.11074726399966,4.358127656392469
EVAL-006,EVAL-KEV-A-03,qwen_fixed_team,recent_kev_0_30,3,61.892675073002465,4.1254018378419435
EVAL-007,EVAL-KEV-B-01,qwen_fixed_team,recent_kev_31_60,3,68.02821167299408,4.219922496682245
EVAL-008,EVAL-KEV-B-01,qwen_fixed_team,recent_kev_31_60,3,82.7937750080091,4.416352877502284
EVAL-009,EVAL-KEV-B-02,qwen_fixed_team,recent_kev_31_60,3,64.96620739600621,4.173867248492653
EVAL-010,EVAL-KEV-B-02,qwen_fixed_team,recent_kev_31_60,3,69.35166705900338,4.239190184813718
EVAL-011,EVAL-KEV-B-03,qwen_fixed_team,recent_kev_31_60,3,28.190302822004014,3.338978047246544
EVAL-012,EVAL-KEV-B-03,qwen_fixed_team,recent_kev_31_60,3,28.94802059900394,3.3655018285900566
EVAL-013,EVAL-KEV-C-01,qwen_fixed_team,recent_kev_61_90,3,58.14466756699403,4.0629341734183875
EVAL-014,EVAL-KEV-C-01,qwen_fixed_team,recent_kev_61_90,3,54.75776946699625,4.002919266701603
EVAL-015,EVAL-KEV-C-02,qwen_fixed_team,recent_kev_61_90,3,56.259663344004366,4.029977819112139
EVAL-016,EVAL-KEV-C-02,qwen_fixed_team,recent_kev_61_90,3,53.05273042999761,3.9712863327269816
EVAL-017,EVAL-KEV-C-03,qwen_fixed_team,recent_kev_61_90,3,57.777736041993194,4.056603511888875
EVAL-018,EVAL-KEV-C-03,qwen_fixed_team,recent_kev_61_90,3,57.93515637699602,4.05932439162543
EVAL-019,EVAL-CVE-01,qwen_fixed_team,other_cve,3,67.37240348800697,4.210235490275146
EVAL-020,EVAL-CVE-01,qwen_fixed_team,other_cve,3,78.68248519201006,4.365420579092315
EVAL-021,EVAL-CVE-02,qwen_fixed_team,other_cve,3,78.67835179000394,4.365368045030011
EVAL-022,EVAL-CVE-02,qwen_fixed_team,other_cve,3,28.655255457997555,3.3553368629176377
EVAL-023,EVAL-CVE-03,qwen_fixed_team,other_cve,3,27.857149216994003,3.327089637810756
EVAL-024,EVAL-CVE-03,qwen_fixed_team,other_cve,3,27.531781994992343,3.3153410462638973
EVAL-025,EVAL-CVE-04,qwen_fixed_team,other_cve,3,55.14900848799152,4.010038767078995
EVAL-026,EVAL-CVE-04,qwen_fixed_team,other_cve,3,44.29622209300578,3.790899393346949
EVAL-027,EVAL-CVE-05,qwen_fixed_team,other_cve,3,53.5167677960053,3.9799950215449544
EVAL-028,EVAL-CVE-05,qwen_fixed_team,other_cve,3,43.778961728996364,3.7791533761669998
EVAL-029,EVAL-MIS-01,qwen_fixed_team,synthetic_misconfiguration,3,27.18694652398699,3.3027369509032716
EVAL-030,EVAL-MIS-01,qwen_fixed_team,synthetic_misconfiguration,3,28.972254118009005,3.366338617453284
EVAL-031,EVAL-MIS-02,qwen_fixed_team,synthetic_misconfiguration,3,27.46464029300114,3.312899369785503
EVAL-032,EVAL-MIS-02,qwen_fixed_team,synthetic_misconfiguration,3,28.26757065700076,3.341715234408494
EVAL-033,EVAL-MIS-03,qwen_fixed_team,synthetic_misconfiguration,3,30.225265234003018,3.4086781717808985
EVAL-034,EVAL-MIS-03,qwen_fixed_team,synthetic_misconfiguration,3,27.308576427989465,3.307200807726014
EVAL-035,EVAL-MIS-04,qwen_fixed_team,synthetic_misconfiguration,3,28.440240976997302,3.3478050780706377
EVAL-036,EVAL-MIS-04,qwen_fixed_team,synthetic_misconfiguration,3,28.84487575300591,3.3619323602981512
EVAL-037,EVAL-MIS-05,qwen_fixed_team,synthetic_misconfiguration,3,62.667681203005486,4.137845863440455
EVAL-038,EVAL-MIS-05,qwen_fixed_team,synthetic_misconfiguration,3,28.532173201994738,3.3510323348443993
EVAL-039,EVAL-MIS-06,qwen_fixed_team,synthetic_misconfiguration,3,28.739879781998752,3.358285697691495
EVAL-040,EVAL-MIS-06,qwen_fixed_team,synthetic_misconfiguration,3,28.93644659299025,3.3651019283498234
EVAL-041,EVAL-CLN-01,qwen_fixed_team,clean_control,3,27.277200070006074,3.3060511909777692
EVAL-042,EVAL-CLN-01,qwen_fixed_team,clean_control,3,27.833518526007538,3.326240996795578
EVAL-043,EVAL-CLN-02,qwen_fixed_team,clean_control,3,28.67092285000399,3.355883468076361
EVAL-044,EVAL-CLN-02,qwen_fixed_team,clean_control,3,28.571588992002944,3.352412832197064
EVAL-045,EVAL-CLN-03,qwen_fixed_team,clean_control,3,27.303327768007875,3.307008591026193
EVAL-046,EVAL-CLN-03,qwen_fixed_team,clean_control,3,28.152687673005858,3.33764282686665
EVAL-047,EVAL-CLN-04,qwen_fixed_team,clean_control,3,27.557173440000042,3.3162628806535785
EVAL-048,EVAL-CLN-04,qwen_fixed_team,clean_control,3,27.611712520993024,3.318240049407667
EVAL-049,EVAL-KEV-A-04,qwen_fixed_team,recent_kev_0_30,3,63.25406595100503,4.14715940935187
EVAL-050,EVAL-KEV-A-04,qwen_fixed_team,recent_kev_0_30,3,60.76356977899559,4.106990428124768
EVAL-051,EVAL-KEV-B-04,qwen_fixed_team,recent_kev_31_60,3,56.618356647006294,4.036333255013271
EVAL-052,EVAL-KEV-B-04,qwen_fixed_team,recent_kev_31_60,3,58.60288449799555,4.070783918886812
EVAL-053,EVAL-KEV-C-04,qwen_fixed_team,recent_kev_61_90,3,27.801171291001083,3.3250781525788544
EVAL-054,EVAL-KEV-C-04,qwen_fixed_team,recent_kev_61_90,3,27.508043326000916,3.3144784464891
EVAL-055,EVAL-CVE-06,qwen_fixed_team,other_cve,3,29.951655118995404,3.3995845857722724
EVAL-056,EVAL-CVE-06,qwen_fixed_team,other_cve,3,77.85464610499912,4.354843576717571
EVAL-057,EVAL-MIS-07,qwen_fixed_team,synthetic_misconfiguration,3,28.30996739999682,3.3432139475864733
EVAL-058,EVAL-MIS-07,qwen_fixed_team,synthetic_misconfiguration,3,28.56715508200432,3.352257634175848
EVAL-059,EVAL-CLN-05,qwen_fixed_team,clean_control,3,28.09958906500833,3.3357549522117123
EVAL-060,EVAL-CLN-05,qwen_fixed_team,clean_control,3,27.309067375994346,3.3072187853600057
EVAL-001,EVAL-KEV-A-01,qwen_fixed_team,recent_kev_0_30,4,58.742588875000365,4.073164998258586
EVAL-002,EVAL-KEV-A-01,qwen_fixed_team,recent_kev_0_30,4,56.276095710003574,4.030269857238582
EVAL-003,EVAL-KEV-A-02,qwen_fixed_team,recent_kev_0_30,4,59.6240283990046,4.088058653880846
EVAL-004,EVAL-KEV-A-02,qwen_fixed_team,recent_kev_0_30,4,58.36497776499891,4.066716014139916
EVAL-005,EVAL-KEV-A-03,qwen_fixed_team,recent_kev_0_30,4,78.07622885900491,4.357685642513801
EVAL-006,EVAL-KEV-A-03,qwen_fixed_team,recent_kev_0_30,4,61.74558950199571,4.1230225478883
EVAL-007,EVAL-KEV-B-01,qwen_fixed_team,recent_kev_31_60,4,68.1786004710084,4.22213073952648
EVAL-008,EVAL-KEV-B-01,qwen_fixed_team,recent_kev_31_60,4,81.81294185398292,4.4044354444681595
EVAL-009,EVAL-KEV-B-02,qwen_fixed_team,recent_kev_31_60,4,63.74538089500129,4.154896724864433
EVAL-010,EVAL-KEV-B-02,qwen_fixed_team,recent_kev_31_60,4,69.3642336109915,4.239371368830284
EVAL-011,EVAL-KEV-B-03,qwen_fixed_team,recent_kev_31_60,4,27.972283596995112,3.331214148392939
EVAL-012,EVAL-KEV-B-03,qwen_fixed_team,recent_kev_31_60,4,28.502531364007154,3.3499929031200857
EVAL-013,EVAL-KEV-C-01,qwen_fixed_team,recent_kev_61_90,4,57.7476706850066,4.056083014129687
EVAL-014,EVAL-KEV-C-01,qwen_fixed_team,recent_kev_61_90,4,53.77070323200314,3.9847287692557427
EVAL-015,EVAL-KEV-C-02,qwen_fixed_team,recent_kev_61_90,4,55.660275019996334,4.019266697156259
EVAL-016,EVAL-KEV-C-02,qwen_fixed_team,recent_kev_61_90,4,52.61050471499766,3.9629158092149965
EVAL-017,EVAL-KEV-C-03,qwen_fixed_team,recent_kev_61_90,4,57.65106751798885,4.054408763768064
EVAL-018,EVAL-KEV-C-03,qwen_fixed_team,recent_kev_61_90,4,57.03200956599903,4.043612681545693
EVAL-019,EVAL-CVE-01,qwen_fixed_team,other_cve,4,66.43837964499107,4.196274896202529
EVAL-020,EVAL-CVE-01,qwen_fixed_team,other_cve,4,78.58581751699967,4.36419124443912
EVAL-021,EVAL-CVE-02,qwen_fixed_team,other_cve,4,77.38140636900062,4.348746523945674
EVAL-022,EVAL-CVE-02,qwen_fixed_team,other_cve,4,28.875652866001474,3.362998778664327
EVAL-023,EVAL-CVE-03,qwen_fixed_team,other_cve,4,28.027821401999972,3.333197638360112
EVAL-024,EVAL-CVE-03,qwen_fixed_team,other_cve,4,27.324638459998823,3.3077888028679827
EVAL-025,EVAL-CVE-04,qwen_fixed_team,other_cve,4,53.8698190379946,3.986570377451504
EVAL-026,EVAL-CVE-04,qwen_fixed_team,other_cve,4,43.538926375011215,3.773655397142508
EVAL-027,EVAL-CVE-05,qwen_fixed_team,other_cve,4,53.16964157199982,3.973487586323689
EVAL-028,EVAL-CVE-05,qwen_fixed_team,other_cve,4,43.91198502700718,3.782187290270284
EVAL-029,EVAL-MIS-01,qwen_fixed_team,synthetic_misconfiguration,4,27.245614027000556,3.3048925550173127
EVAL-030,EVAL-MIS-01,qwen_fixed_team,synthetic_misconfiguration,4,28.575819364006747,3.3525608834257454
EVAL-031,EVAL-MIS-02,qwen_fixed_team,synthetic_misconfiguration,4,27.33737961499719,3.308254982335108
EVAL-032,EVAL-MIS-02,qwen_fixed_team,synthetic_misconfiguration,4,28.95241605099727,3.365653656529744
EVAL-033,EVAL-MIS-03,qwen_fixed_team,synthetic_misconfiguration,4,30.37703725400206,3.4136869695022174
EVAL-034,EVAL-MIS-03,qwen_fixed_team,synthetic_misconfiguration,4,27.220408364009927,3.303966999462363
EVAL-035,EVAL-MIS-04,qwen_fixed_team,synthetic_misconfiguration,4,27.94104718900053,3.33009683304774
EVAL-036,EVAL-MIS-04,qwen_fixed_team,synthetic_misconfiguration,4,28.12788491298852,3.336761429948197
EVAL-037,EVAL-MIS-05,qwen_fixed_team,synthetic_misconfiguration,4,60.96623035599623,4.11032011015848
EVAL-038,EVAL-MIS-05,qwen_fixed_team,synthetic_misconfiguration,4,28.50222688800568,3.3499822206433656
EVAL-039,EVAL-MIS-06,qwen_fixed_team,synthetic_misconfiguration,4,28.438453623988607,3.3477422301792847
EVAL-040,EVAL-MIS-06,qwen_fixed_team,synthetic_misconfiguration,4,28.30989845700242,3.3432115122930175
EVAL-041,EVAL-CLN-01,qwen_fixed_team,clean_control,4,28.172138627989625,3.3383334976430867
EVAL-042,EVAL-CLN-01,qwen_fixed_team,clean_control,4,27.380449806994875,3.3098292480305047
EVAL-043,EVAL-CLN-02,qwen_fixed_team,clean_control,4,28.109627101002843,3.336112119124397
EVAL-044,EVAL-CLN-02,qwen_fixed_team,clean_control,4,28.294948138995096,3.3426832777246362
EVAL-045,EVAL-CLN-03,qwen_fixed_team,clean_control,4,27.48718113000359,3.313719755268021
EVAL-046,EVAL-CLN-03,qwen_fixed_team,clean_control,4,27.902019262000977,3.328699061190491
EVAL-047,EVAL-CLN-04,qwen_fixed_team,clean_control,4,27.170369494000624,3.302127022683314
EVAL-048,EVAL-CLN-04,qwen_fixed_team,clean_control,4,27.163149698004418,3.301861264229009
EVAL-049,EVAL-KEV-A-04,qwen_fixed_team,recent_kev_0_30,4,63.143337013993005,4.145407332762627
EVAL-050,EVAL-KEV-A-04,qwen_fixed_team,recent_kev_0_30,4,58.10215185798734,4.062202700314646
EVAL-051,EVAL-KEV-B-04,qwen_fixed_team,recent_kev_31_60,4,55.403380916999595,4.014640619273807
EVAL-052,EVAL-KEV-B-04,qwen_fixed_team,recent_kev_31_60,4,58.76563449099194,4.073557236616497
EVAL-053,EVAL-KEV-C-04,qwen_fixed_team,recent_kev_61_90,4,27.850554386990552,3.326852872350771
EVAL-054,EVAL-KEV-C-04,qwen_fixed_team,recent_kev_61_90,4,27.08258990498871,3.298891082503033
EVAL-055,EVAL-CVE-06,qwen_fixed_team,other_cve,4,29.902913411991904,3.397955914177973
EVAL-056,EVAL-CVE-06,qwen_fixed_team,other_cve,4,77.66004401299142,4.352340891042885
EVAL-057,EVAL-MIS-07,qwen_fixed_team,synthetic_misconfiguration,4,27.90630310800043,3.328852581161203
EVAL-058,EVAL-MIS-07,qwen_fixed_team,synthetic_misconfiguration,4,28.162097173000802,3.33797700198987
EVAL-059,EVAL-CLN-05,qwen_fixed_team,clean_control,4,27.102350779990957,3.2996204687726687
EVAL-060,EVAL-CLN-05,qwen_fixed_team,clean_control,4,28.261817433012766,3.3415116863354566
EVAL-001,EVAL-KEV-A-01,qwen_fixed_team,recent_kev_0_30,5,59.435331766013405,4.084888860414374
EVAL-002,EVAL-KEV-A-01,qwen_fixed_team,recent_kev_0_30,5,55.01178209201316,4.007547382145459
EVAL-003,EVAL-KEV-A-02,qwen_fixed_team,recent_kev_0_30,5,60.321870868006954,4.099694738935019
EVAL-004,EVAL-KEV-A-02,qwen_fixed_team,recent_kev_0_30,5,57.811631808006496,4.057189997784859
EVAL-005,EVAL-KEV-A-03,qwen_fixed_team,recent_kev_0_30,5,77.63186887800111,4.351978024300181
EVAL-006,EVAL-KEV-A-03,qwen_fixed_team,recent_kev_0_30,5,63.64302401999885,4.153289719939637
EVAL-007,EVAL-KEV-B-01,qwen_fixed_team,recent_kev_31_60,5,68.2387011230021,4.223011869048614
EVAL-008,EVAL-KEV-B-01,qwen_fixed_team,recent_kev_31_60,5,81.64404757800366,4.402368915081169
EVAL-009,EVAL-KEV-B-02,qwen_fixed_team,recent_kev_31_60,5,65.39611712800252,4.180462885569158
EVAL-010,EVAL-KEV-B-02,qwen_fixed_team,recent_kev_31_60,5,70.08230317498965,4.249670311028017
EVAL-011,EVAL-KEV-B-03,qwen_fixed_team,recent_kev_31_60,5,29.108237146007014,3.3710211975592177
EVAL-012,EVAL-KEV-B-03,qwen_fixed_team,recent_kev_31_60,5,28.31689892100985,3.343458761453035
EVAL-013,EVAL-KEV-C-01,qwen_fixed_team,recent_kev_61_90,5,58.45995602500625,4.068342007459181
EVAL-014,EVAL-KEV-C-01,qwen_fixed_team,recent_kev_61_90,5,54.304925887990976,3.99461493899469
EVAL-015,EVAL-KEV-C-02,qwen_fixed_team,recent_kev_61_90,5,56.22750251499383,4.029406005792082
EVAL-016,EVAL-KEV-C-02,qwen_fixed_team,recent_kev_61_90,5,53.147524786996655,3.9730715333742057
EVAL-017,EVAL-KEV-C-03,qwen_fixed_team,recent_kev_61_90,5,57.804146930997376,4.057060519315723
EVAL-018,EVAL-KEV-C-03,qwen_fixed_team,recent_kev_61_90,5,57.41500515800726,4.050305683065425
EVAL-019,EVAL-CVE-01,qwen_fixed_team,other_cve,5,66.52246883501357,4.197539767812405
EVAL-020,EVAL-CVE-01,qwen_fixed_team,other_cve,5,79.44317853500252,4.375042030706388
EVAL-021,EVAL-CVE-02,qwen_fixed_team,other_cve,5,77.61071998300031,4.351705561758982
EVAL-022,EVAL-CVE-02,qwen_fixed_team,other_cve,5,28.482766890003404,3.349299233861458
EVAL-023,EVAL-CVE-03,qwen_fixed_team,other_cve,5,27.426470145008352,3.3115086107412557
EVAL-024,EVAL-CVE-03,qwen_fixed_team,other_cve,5,27.369027309003286,3.309411983838808
EVAL-025,EVAL-CVE-04,qwen_fixed_team,other_cve,5,54.17952416901244,3.9923030542081293
EVAL-026,EVAL-CVE-04,qwen_fixed_team,other_cve,5,43.6051422580058,3.775175085097794
EVAL-027,EVAL-CVE-05,qwen_fixed_team,other_cve,5,55.146415131006506,4.009991741429146
EVAL-028,EVAL-CVE-05,qwen_fixed_team,other_cve,5,44.50902801701159,3.7956920453822596
EVAL-029,EVAL-MIS-01,qwen_fixed_team,synthetic_misconfiguration,5,27.42055441699631,3.3112928933679897
EVAL-030,EVAL-MIS-01,qwen_fixed_team,synthetic_misconfiguration,5,28.33841357399797,3.344218254361108
EVAL-031,EVAL-MIS-02,qwen_fixed_team,synthetic_misconfiguration,5,27.637245808989974,3.3191643488184277
EVAL-032,EVAL-MIS-02,qwen_fixed_team,synthetic_misconfiguration,5,28.41284516399901,3.3468413374198387
EVAL-033,EVAL-MIS-03,qwen_fixed_team,synthetic_misconfiguration,5,30.202737540006638,3.4079325672927183
EVAL-034,EVAL-MIS-03,qwen_fixed_team,synthetic_misconfiguration,5,27.74912102000235,3.323204164735911
EVAL-035,EVAL-MIS-04,qwen_fixed_team,synthetic_misconfiguration,5,28.745293652005785,3.3584740547825374
EVAL-036,EVAL-MIS-04,qwen_fixed_team,synthetic_misconfiguration,5,28.494596174001344,3.3497144613669714
EVAL-037,EVAL-MIS-05,qwen_fixed_team,synthetic_misconfiguration,5,62.91517406600906,4.141787375725458
EVAL-038,EVAL-MIS-05,qwen_fixed_team,synthetic_misconfiguration,5,28.287319236005715,3.3424136206963997
EVAL-039,EVAL-MIS-06,qwen_fixed_team,synthetic_misconfiguration,5,28.27830802499375,3.3420950098535775
EVAL-040,EVAL-MIS-06,qwen_fixed_team,synthetic_misconfiguration,5,28.240010173001792,3.340739772858751
EVAL-041,EVAL-CLN-01,qwen_fixed_team,clean_control,5,27.589592396005173,3.317438614506623
EVAL-042,EVAL-CLN-01,qwen_fixed_team,clean_control,5,27.496520253007475,3.314059460411865
EVAL-043,EVAL-CLN-02,qwen_fixed_team,clean_control,5,28.33139624200703,3.34397059755585
EVAL-044,EVAL-CLN-02,qwen_fixed_team,clean_control,5,29.09853064300114,3.3706876795349556
EVAL-045,EVAL-CLN-03,qwen_fixed_team,clean_control,5,27.517778968998755,3.3148323037398737
EVAL-046,EVAL-CLN-03,qwen_fixed_team,clean_control,5,27.70542334199854,3.321628182549025
EVAL-047,EVAL-CLN-04,qwen_fixed_team,clean_control,5,27.41969167100615,3.3112614293957514
EVAL-048,EVAL-CLN-04,qwen_fixed_team,clean_control,5,27.41839000300388,3.3112139562543583
EVAL-049,EVAL-KEV-A-04,qwen_fixed_team,recent_kev_0_30,5,62.010685463006666,4.127306716372722
EVAL-050,EVAL-KEV-A-04,qwen_fixed_team,recent_kev_0_30,5,58.55589980399964,4.069981850193548
EVAL-051,EVAL-KEV-B-04,qwen_fixed_team,recent_kev_31_60,5,55.948404392991506,4.024429915906084
EVAL-052,EVAL-KEV-B-04,qwen_fixed_team,recent_kev_31_60,5,58.43535762999818,4.0679211454998425
EVAL-053,EVAL-KEV-C-04,qwen_fixed_team,recent_kev_61_90,5,27.524560420009948,3.315078712272679
EVAL-054,EVAL-KEV-C-04,qwen_fixed_team,recent_kev_61_90,5,27.97092830600741,3.3311656960091067
EVAL-055,EVAL-CVE-06,qwen_fixed_team,other_cve,5,29.81441696300317,3.3949920672271707
EVAL-056,EVAL-CVE-06,qwen_fixed_team,other_cve,5,78.18689865300257,4.359102097108857
EVAL-057,EVAL-MIS-07,qwen_fixed_team,synthetic_misconfiguration,5,28.426879610997275,3.347335162727369
EVAL-058,EVAL-MIS-07,qwen_fixed_team,synthetic_misconfiguration,5,28.311495165013184,3.3432679117529758
EVAL-059,EVAL-CLN-05,qwen_fixed_team,clean_control,5,27.7046362330002,3.321599772220488
EVAL-060,EVAL-CLN-05,qwen_fixed_team,clean_control,5,27.60993231699831,3.3181755745445747
